{
  "resnet50_baseline": {
    "per_class": {
      "Atelectasis": {
        "auroc": 0.8268766404199475,
        "ece": 0.056463185439605525,
        "f1": 0.6622516556291391,
        "precision": 0.6578947368421053,
        "recall": 0.6666666666666666,
        "specificity": 0.7952755905511811,
        "accuracy": 0.7475247524752475
      },
      "Cardiomegaly": {
        "auroc": 0.8049242424242423,
        "ece": 0.10449790360756439,
        "f1": 0.5794392523364486,
        "precision": 0.7560975609756098,
        "recall": 0.4696969696969697,
        "specificity": 0.9264705882352942,
        "accuracy": 0.7772277227722773
      },
      "Consolidation": {
        "auroc": 0.8490808823529412,
        "ece": 0.15265080159400948,
        "f1": 0.46153846153846156,
        "precision": 0.391304347826087,
        "recall": 0.5625,
        "specificity": 0.8352941176470589,
        "accuracy": 0.7920792079207921
      },
      "Edema": {
        "auroc": 0.9145833333333333,
        "ece": 0.09481856927718268,
        "f1": 0.7032967032967034,
        "precision": 0.6530612244897959,
        "recall": 0.7619047619047619,
        "specificity": 0.89375,
        "accuracy": 0.8663366336633663
      },
      "Pleural Effusion": {
        "auroc": 0.9031929347826086,
        "ece": 0.0892449846804732,
        "f1": 0.6371681415929203,
        "precision": 0.7346938775510204,
        "recall": 0.5625,
        "specificity": 0.9057971014492754,
        "accuracy": 0.7970297029702971
      }
    },
    "macro_auroc": 0.8597316066626146,
    "macro_ece": 0.09953508891976706,
    "macro_f1": 0.6087388428787347,
    "macro_precision": 0.6386103495369236,
    "macro_recall": 0.6046536796536797,
    "macro_specificity": 0.8713174795765619,
    "macro_accuracy": 0.7960396039603961,
    "inference_ms": 6.527104377746582,
    "size_mb": 94.073108
  },
  "resnet50_cal": {
    "per_class": {
      "Atelectasis": {
        "auroc": 0.7804724409448819,
        "ece": 0.06253075214231958,
        "f1": 0.6013071895424836,
        "precision": 0.5897435897435898,
        "recall": 0.6133333333333333,
        "specificity": 0.7480314960629921,
        "accuracy": 0.698019801980198
      },
      "Cardiomegaly": {
        "auroc": 0.7730614973262032,
        "ece": 0.12202744709678215,
        "f1": 0.44680851063829785,
        "precision": 0.75,
        "recall": 0.3181818181818182,
        "specificity": 0.9485294117647058,
        "accuracy": 0.7425742574257426
      },
      "Consolidation": {
        "auroc": 0.8678308823529413,
        "ece": 0.15291046207346543,
        "f1": 0.5454545454545454,
        "precision": 0.4666666666666667,
        "recall": 0.65625,
        "specificity": 0.8588235294117647,
        "accuracy": 0.8267326732673267
      },
      "Edema": {
        "auroc": 0.9312499999999999,
        "ece": 0.11173917793917773,
        "f1": 0.7469879518072289,
        "precision": 0.7560975609756098,
        "recall": 0.7380952380952381,
        "specificity": 0.9375,
        "accuracy": 0.8960396039603961
      },
      "Pleural Effusion": {
        "auroc": 0.9091938405797102,
        "ece": 0.06779332737447602,
        "f1": 0.6902654867256637,
        "precision": 0.7959183673469388,
        "recall": 0.609375,
        "specificity": 0.927536231884058,
        "accuracy": 0.8267326732673267
      }
    },
    "macro_auroc": 0.8523617322407473,
    "macro_ece": 0.10340023332524417,
    "macro_f1": 0.6061647368336439,
    "macro_precision": 0.6716852369465611,
    "macro_recall": 0.587047077922078,
    "macro_specificity": 0.8840841338247041,
    "macro_accuracy": 0.798019801980198,
    "inference_ms": 5.870571136474609,
    "size_mb": 94.073108
  },
  "medtrust_cab_only": {
    "per_class": {
      "Atelectasis": {
        "auroc": 0.8458792650918635,
        "ece": 0.09691758748918476,
        "f1": 0.7108433734939759,
        "precision": 0.6483516483516484,
        "recall": 0.7866666666666666,
        "specificity": 0.7480314960629921,
        "accuracy": 0.7623762376237624
      },
      "Cardiomegaly": {
        "auroc": 0.8269830659536541,
        "ece": 0.0818644739171066,
        "f1": 0.5818181818181818,
        "precision": 0.7272727272727273,
        "recall": 0.48484848484848486,
        "specificity": 0.9117647058823529,
        "accuracy": 0.7722772277227723
      },
      "Consolidation": {
        "auroc": 0.8919117647058824,
        "ece": 0.21273376873814234,
        "f1": 0.6021505376344086,
        "precision": 0.45901639344262296,
        "recall": 0.875,
        "specificity": 0.8058823529411765,
        "accuracy": 0.8168316831683168
      },
      "Edema": {
        "auroc": 0.9159226190476191,
        "ece": 0.1104196331989352,
        "f1": 0.6881720430107527,
        "precision": 0.6274509803921569,
        "recall": 0.7619047619047619,
        "specificity": 0.88125,
        "accuracy": 0.8564356435643564
      },
      "Pleural Effusion": {
        "auroc": 0.9144021739130435,
        "ece": 0.0846979639557476,
        "f1": 0.7441860465116279,
        "precision": 0.7384615384615385,
        "recall": 0.75,
        "specificity": 0.8768115942028986,
        "accuracy": 0.8366336633663366
      }
    },
    "macro_auroc": 0.8790197777424126,
    "macro_ece": 0.1173266854598233,
    "macro_f1": 0.6654340364937894,
    "macro_precision": 0.6401106575841389,
    "macro_recall": 0.7316839826839827,
    "macro_specificity": 0.844748029817884,
    "macro_accuracy": 0.8089108910891089,
    "inference_ms": 8.294153213500977,
    "size_mb": 102.464724
  },
  "medtrust_full": {
    "per_class": {
      "Atelectasis": {
        "auroc": 0.8263517060367455,
        "ece": 0.08386848593997483,
        "f1": 0.6580645161290323,
        "precision": 0.6375,
        "recall": 0.68,
        "specificity": 0.7716535433070866,
        "accuracy": 0.7376237623762376
      },
      "Cardiomegaly": {
        "auroc": 0.8078208556149732,
        "ece": 0.05941516282682372,
        "f1": 0.6037735849056604,
        "precision": 0.8,
        "recall": 0.48484848484848486,
        "specificity": 0.9411764705882353,
        "accuracy": 0.7920792079207921
      },
      "Consolidation": {
        "auroc": 0.8871323529411764,
        "ece": 0.19827616539331946,
        "f1": 0.5813953488372093,
        "precision": 0.46296296296296297,
        "recall": 0.78125,
        "specificity": 0.8294117647058824,
        "accuracy": 0.8217821782178217
      },
      "Edema": {
        "auroc": 0.915327380952381,
        "ece": 0.09381545585866022,
        "f1": 0.7228915662650602,
        "precision": 0.7317073170731707,
        "recall": 0.7142857142857143,
        "specificity": 0.93125,
        "accuracy": 0.8861386138613861
      },
      "Pleural Effusion": {
        "auroc": 0.9187047101449276,
        "ece": 0.07389746678273866,
        "f1": 0.7518796992481203,
        "precision": 0.7246376811594203,
        "recall": 0.78125,
        "specificity": 0.8623188405797102,
        "accuracy": 0.8366336633663366
      }
    },
    "macro_auroc": 0.8710674011380407,
    "macro_ece": 0.10185454736030339,
    "macro_f1": 0.6636009430770166,
    "macro_precision": 0.6713615922391108,
    "macro_recall": 0.6883268398268398,
    "macro_specificity": 0.8671621238361829,
    "macro_accuracy": 0.8148514851485148,
    "inference_ms": 25.410633087158203,
    "size_mb": 102.464724
  },
  "mc_dropout": {
    "per_class": {
      "Atelectasis": {
        "auroc": 0.8245669291338583,
        "ece": 0.05917414535980414,
        "f1": 0.6622516556291391,
        "precision": 0.6578947368421053,
        "recall": 0.6666666666666666,
        "specificity": 0.7952755905511811,
        "accuracy": 0.7475247524752475
      },
      "Cardiomegaly": {
        "auroc": 0.8048128342245989,
        "ece": 0.08497673280463361,
        "f1": 0.5607476635514018,
        "precision": 0.7317073170731707,
        "recall": 0.45454545454545453,