{
  "per_class": {
    "Atelectasis": {
      "auroc": 0.8259317585301837,
      "ece": 0.10283912423223551,
      "f1": 0.6751592356687898,
      "precision": 0.6463414634146342,
      "recall": 0.7066666666666667,
      "specificity": 0.7716535433070866,
      "accuracy": 0.7475247524752475
    },
    "Cardiomegaly": {
      "auroc": 0.819295900178253,
      "ece": 0.09268350873400669,
      "f1": 0.4946236559139785,
      "precision": 0.8518518518518519,
      "recall": 0.3484848484848485,
      "specificity": 0.9705882352941176,
      "accuracy": 0.7673267326732673
    },
    "Consolidation": {
      "auroc": 0.8704044117647058,
      "ece": 0.18127524434118575,
      "f1": 0.5185185185185185,
      "precision": 0.42857142857142855,
      "recall": 0.65625,
      "specificity": 0.8352941176470589,
      "accuracy": 0.806930693069307
    },
    "Edema": {
      "auroc": 0.9264880952380952,
      "ece": 0.1340835062731611,
      "f1": 0.7333333333333333,
      "precision": 0.6875,
      "recall": 0.7857142857142857,
      "specificity": 0.90625,
      "accuracy": 0.8811881188118812
    },
    "Pleural Effusion": {
      "auroc": 0.9244791666666666,
      "ece": 0.10130758011842718,
      "f1": 0.7479674796747967,
      "precision": 0.7796610169491526,
      "recall": 0.71875,
      "specificity": 0.9057971014492754,
      "accuracy": 0.8465346534653465
    }
  },
  "macro_auroc": 0.8733198664755809,
  "macro_ece": 0.12243779273980326,
  "macro_f1": 0.6339204446218833,
  "macro_precision": 0.6787851521574134,
  "macro_recall": 0.6431731601731602,
  "macro_specificity": 0.8779165995395077,
  "macro_accuracy": 0.80990099009901
}