{
  "per_class": {
    "Atelectasis": {
      "auroc": 0.8245669291338583,
      "ece": 0.05917414535980414,
      "f1": 0.6622516556291391,
      "precision": 0.6578947368421053,
      "recall": 0.6666666666666666,
      "specificity": 0.7952755905511811,
      "accuracy": 0.7475247524752475
    },
    "Cardiomegaly": {
      "auroc": 0.8048128342245989,
      "ece": 0.08497673280463361,
      "f1": 0.5607476635514018,
      "precision": 0.7317073170731707,
      "recall": 0.45454545454545453,
      "specificity": 0.9191176470588235,
      "accuracy": 0.7673267326732673
    },
    "Consolidation": {
      "auroc": 0.8509191176470589,
      "ece": 0.15495724780577244,
      "f1": 0.45569620253164556,
      "precision": 0.3829787234042553,
      "recall": 0.5625,
      "specificity": 0.8294117647058824,
      "accuracy": 0.7871287128712872
    },
    "Edema": {
      "auroc": 0.9132440476190475,
      "ece": 0.09242007990210954,
      "f1": 0.7032967032967034,
      "precision": 0.6530612244897959,
      "recall": 0.7619047619047619,
      "specificity": 0.89375,
      "accuracy": 0.8663366336633663
    },
    "Pleural Effusion": {
      "auroc": 0.9045516304347827,
      "ece": 0.07832389281564714,
      "f1": 0.6126126126126126,
      "precision": 0.723404255319149,
      "recall": 0.53125,
      "specificity": 0.9057971014492754,
      "accuracy": 0.7871287128712872
    }
  },
  "macro_auroc": 0.8596189118118692,
  "macro_ece": 0.09397041973759337,
  "macro_f1": 0.5989209675243005,
  "macro_precision": 0.6298092514256952,
  "macro_recall": 0.5953733766233766,
  "macro_specificity": 0.8686704207530325,
  "macro_accuracy": 0.791089108910891
}