{
  "per_class": {
    "Atelectasis": {
      "auroc": 0.8458792650918635,
      "ece": 0.09691758748918476,
      "f1": 0.7108433734939759,
      "precision": 0.6483516483516484,
      "recall": 0.7866666666666666,
      "specificity": 0.7480314960629921,
      "accuracy": 0.7623762376237624
    },
    "Cardiomegaly": {
      "auroc": 0.8269830659536541,
      "ece": 0.0818644739171066,
      "f1": 0.5818181818181818,
      "precision": 0.7272727272727273,
      "recall": 0.48484848484848486,
      "specificity": 0.9117647058823529,
      "accuracy": 0.7722772277227723
    },
    "Consolidation": {
      "auroc": 0.8919117647058824,
      "ece": 0.21273376873814234,
      "f1": 0.6021505376344086,
      "precision": 0.45901639344262296,
      "recall": 0.875,
      "specificity": 0.8058823529411765,
      "accuracy": 0.8168316831683168
    },
    "Edema": {
      "auroc": 0.9159226190476191,
      "ece": 0.1104196331989352,
      "f1": 0.6881720430107527,
      "precision": 0.6274509803921569,
      "recall": 0.7619047619047619,
      "specificity": 0.88125,
      "accuracy": 0.8564356435643564
    },
    "Pleural Effusion": {
      "auroc": 0.9144021739130435,
      "ece": 0.0846979639557476,
      "f1": 0.7441860465116279,
      "precision": 0.7384615384615385,
      "recall": 0.75,
      "specificity": 0.8768115942028986,
      "accuracy": 0.8366336633663366
    }
  },
  "macro_auroc": 0.8790197777424126,
  "macro_ece": 0.1173266854598233,
  "macro_f1": 0.6654340364937894,
  "macro_precision": 0.6401106575841389,
  "macro_recall": 0.7316839826839827,
  "macro_specificity": 0.844748029817884,
  "macro_accuracy": 0.8089108910891089
}