{
  "per_class": {
    "Atelectasis": {
      "auroc": 0.8263517060367455,
      "ece": 0.08386848593997483,
      "f1": 0.6580645161290323,
      "precision": 0.6375,
      "recall": 0.68,
      "specificity": 0.7716535433070866,
      "accuracy": 0.7376237623762376
    },
    "Cardiomegaly": {
      "auroc": 0.8078208556149732,
      "ece": 0.05941516282682372,
      "f1": 0.6037735849056604,
      "precision": 0.8,
      "recall": 0.48484848484848486,
      "specificity": 0.9411764705882353,
      "accuracy": 0.7920792079207921
    },
    "Consolidation": {
      "auroc": 0.8871323529411764,
      "ece": 0.19827616539331946,
      "f1": 0.5813953488372093,
      "precision": 0.46296296296296297,
      "recall": 0.78125,
      "specificity": 0.8294117647058824,
      "accuracy": 0.8217821782178217
    },
    "Edema": {
      "auroc": 0.915327380952381,
      "ece": 0.09381545585866022,
      "f1": 0.7228915662650602,
      "precision": 0.7317073170731707,
      "recall": 0.7142857142857143,
      "specificity": 0.93125,
      "accuracy": 0.8861386138613861
    },
    "Pleural Effusion": {
      "auroc": 0.9187047101449276,
      "ece": 0.07389746678273866,
      "f1": 0.7518796992481203,
      "precision": 0.7246376811594203,
      "recall": 0.78125,
      "specificity": 0.8623188405797102,
      "accuracy": 0.8366336633663366
    }
  },
  "macro_auroc": 0.8710674011380407,
  "macro_ece": 0.10185454736030339,
  "macro_f1": 0.6636009430770166,
  "macro_precision": 0.6713615922391108,
  "macro_recall": 0.6883268398268398,
  "macro_specificity": 0.8671621238361829,
  "macro_accuracy": 0.8148514851485148
}