{
  "per_class": {
    "Atelectasis": {
      "auroc": 0.7804724409448819,
      "ece": 0.06253075214231958,
      "f1": 0.6013071895424836,
      "precision": 0.5897435897435898,
      "recall": 0.6133333333333333,
      "specificity": 0.7480314960629921,
      "accuracy": 0.698019801980198
    },
    "Cardiomegaly": {
      "auroc": 0.7730614973262032,
      "ece": 0.12202744709678215,
      "f1": 0.44680851063829785,
      "precision": 0.75,
      "recall": 0.3181818181818182,
      "specificity": 0.9485294117647058,
      "accuracy": 0.7425742574257426
    },
    "Consolidation": {
      "auroc": 0.8678308823529413,
      "ece": 0.15291046207346543,
      "f1": 0.5454545454545454,
      "precision": 0.4666666666666667,
      "recall": 0.65625,
      "specificity": 0.8588235294117647,
      "accuracy": 0.8267326732673267
    },
    "Edema": {
      "auroc": 0.9312499999999999,
      "ece": 0.11173917793917773,
      "f1": 0.7469879518072289,
      "precision": 0.7560975609756098,
      "recall": 0.7380952380952381,
      "specificity": 0.9375,
      "accuracy": 0.8960396039603961
    },
    "Pleural Effusion": {
      "auroc": 0.9091938405797102,
      "ece": 0.06779332737447602,
      "f1": 0.6902654867256637,
      "precision": 0.7959183673469388,
      "recall": 0.609375,
      "specificity": 0.927536231884058,
      "accuracy": 0.8267326732673267
    }
  },
  "macro_auroc": 0.8523617322407473,
  "macro_ece": 0.10340023332524417,
  "macro_f1": 0.6061647368336439,
  "macro_precision": 0.6716852369465611,
  "macro_recall": 0.587047077922078,
  "macro_specificity": 0.8840841338247041,
  "macro_accuracy": 0.798019801980198
}