{
  "per_class": {
    "Atelectasis": {
      "auroc": 0.8268766404199475,
      "ece": 0.056463185439605525,
      "f1": 0.6622516556291391,
      "precision": 0.6578947368421053,
      "recall": 0.6666666666666666,
      "specificity": 0.7952755905511811,
      "accuracy": 0.7475247524752475
    },
    "Cardiomegaly": {
      "auroc": 0.8049242424242423,
      "ece": 0.10449790360756439,
      "f1": 0.5794392523364486,
      "precision": 0.7560975609756098,
      "recall": 0.4696969696969697,
      "specificity": 0.9264705882352942,
      "accuracy": 0.7772277227722773
    },
    "Consolidation": {
      "auroc": 0.8490808823529412,
      "ece": 0.15265080159400948,
      "f1": 0.46153846153846156,
      "precision": 0.391304347826087,
      "recall": 0.5625,
      "specificity": 0.8352941176470589,
      "accuracy": 0.7920792079207921
    },
    "Edema": {
      "auroc": 0.9145833333333333,
      "ece": 0.09481856927718268,
      "f1": 0.7032967032967034,
      "precision": 0.6530612244897959,
      "recall": 0.7619047619047619,
      "specificity": 0.89375,
      "accuracy": 0.8663366336633663
    },
    "Pleural Effusion": {
      "auroc": 0.9031929347826086,
      "ece": 0.0892449846804732,
      "f1": 0.6371681415929203,
      "precision": 0.7346938775510204,
      "recall": 0.5625,
      "specificity": 0.9057971014492754,
      "accuracy": 0.7970297029702971
    }
  },
  "macro_auroc": 0.8597316066626146,
  "macro_ece": 0.09953508891976706,
  "macro_f1": 0.6087388428787347,
  "macro_precision": 0.6386103495369236,
  "macro_recall": 0.6046536796536797,
  "macro_specificity": 0.8713174795765619,
  "macro_accuracy": 0.7960396039603961
}